标题,链接
上海 四晚五日亲子游,https://travel.qunar.com/youji/6815261
上海 迪士尼2日游图文攻略不买尊享卡狂刷12主项+3大节目+22个必看小提示,https://travel.qunar.com/youji/7672840
周末，用美食奖赏自己—那些我爱的 上海 馆子,https://travel.qunar.com/youji/6591970
遇见迪士尼 —— 炎炎夏日里的三日狂欢,https://travel.qunar.com/youji/6906928
发现徐家汇，钟情小马路,https://travel.qunar.com/youji/7000995
魔都历史街区&名人故居1日游,https://travel.qunar.com/youji/7004876
定格最美的 上海,https://travel.qunar.com/youji/6352590
小小旅行家的“精灵大师梦”,https://travel.qunar.com/youji/7525750
共青国家森林公园：用美景纪念青春,https://travel.qunar.com/youji/7024409
情深深雨蒙蒙--漫步外滩,https://travel.qunar.com/youji/6973257
走走 上海 的小马路，看看旧时的名人故居,https://travel.qunar.com/youji/6997684
城市让生活更美好,https://travel.qunar.com/youji/6536869
上海 ！一场说走就走的旅行！附带一天迪斯尼,https://travel.qunar.com/youji/6771825
上海 赏花,https://travel.qunar.com/youji/5571780
沪上觅食记——春风十里，不如（食）你,https://travel.qunar.com/youji/6788488
陪你走在童话世界里,https://travel.qunar.com/youji/6600802
上海 圣诞三天小漫游,https://travel.qunar.com/youji/6194327
4日游,https://travel.qunar.com/youji/7734525
520遇见魔都，给30岁的自己一片更广阔的天地,https://travel.qunar.com/youji/7679394
【 上海 】松江︱魔都之根 ，云间风情，带来怎样的惊喜,https://travel.qunar.com/youji/7784997
三月魔都行,https://travel.qunar.com/youji/7004556
我与夜 上海 有场约会,https://travel.qunar.com/youji/5722649
都市繁华&弄堂喧嚣&校园宁静&展览精彩—— 上海 暴走五日游,https://travel.qunar.com/youji/7100241
带着女儿和老公苏杭、 上海 8日游,https://travel.qunar.com/youji/5398375
亲子经济型 上海 &迪士尼四日游~,https://travel.qunar.com/youji/6619656
2014年 上海 两次游,https://travel.qunar.com/youji/5426010
5天4晚“小石头”疫情后出游-- 上海 之旅全记录（迪士尼+自然博物馆+东方明珠）,https://travel.qunar.com/youji/7675706
总有一份孤独属于 上海,https://travel.qunar.com/youji/5891866
上海 迪斯尼，我们来了,https://travel.qunar.com/youji/6818157
OOH!神奇的一天----畅玩 上海 迪士尼乐园全记录,https://travel.qunar.com/youji/6847371
上海 四晚五日亲子游,https://travel.qunar.com/youji/6815261
上海 迪士尼2日游图文攻略不买尊享卡狂刷12主项+3大节目+22个必看小提示,https://travel.qunar.com/youji/7672840
周末，用美食奖赏自己—那些我爱的 上海 馆子,https://travel.qunar.com/youji/6591970
遇见迪士尼 —— 炎炎夏日里的三日狂欢,https://travel.qunar.com/youji/6906928
发现徐家汇，钟情小马路,https://travel.qunar.com/youji/7000995
魔都历史街区&名人故居1日游,https://travel.qunar.com/youji/7004876
定格最美的 上海,https://travel.qunar.com/youji/6352590
小小旅行家的“精灵大师梦”,https://travel.qunar.com/youji/7525750
共青国家森林公园：用美景纪念青春,https://travel.qunar.com/youji/7024409
情深深雨蒙蒙--漫步外滩,https://travel.qunar.com/youji/6973257
上海 四晚五日亲子游,https://travel.qunar.com/youji/6815261
上海 迪士尼2日游图文攻略不买尊享卡狂刷12主项+3大节目+22个必看小提示,https://travel.qunar.com/youji/7672840
周末，用美食奖赏自己—那些我爱的 上海 馆子,https://travel.qunar.com/youji/6591970
遇见迪士尼 —— 炎炎夏日里的三日狂欢,https://travel.qunar.com/youji/6906928
发现徐家汇，钟情小马路,https://travel.qunar.com/youji/7000995
魔都历史街区&名人故居1日游,https://travel.qunar.com/youji/7004876
定格最美的 上海,https://travel.qunar.com/youji/6352590
小小旅行家的“精灵大师梦”,https://travel.qunar.com/youji/7525750
共青国家森林公园：用美景纪念青春,https://travel.qunar.com/youji/7024409
情深深雨蒙蒙--漫步外滩,https://travel.qunar.com/youji/6973257
走走 上海 的小马路，看看旧时的名人故居,https://travel.qunar.com/youji/6997684
城市让生活更美好,https://travel.qunar.com/youji/6536869
上海 ！一场说走就走的旅行！附带一天迪斯尼,https://travel.qunar.com/youji/6771825
上海 赏花,https://travel.qunar.com/youji/5571780
沪上觅食记——春风十里，不如（食）你,https://travel.qunar.com/youji/6788488
陪你走在童话世界里,https://travel.qunar.com/youji/6600802
上海 圣诞三天小漫游,https://travel.qunar.com/youji/6194327
4日游,https://travel.qunar.com/youji/7734525
520遇见魔都，给30岁的自己一片更广阔的天地,https://travel.qunar.com/youji/7679394
【 上海 】松江︱魔都之根 ，云间风情，带来怎样的惊喜,https://travel.qunar.com/youji/7784997
上海 四晚五日亲子游,https://travel.qunar.com/youji/6815261
上海 迪士尼2日游图文攻略不买尊享卡狂刷12主项+3大节目+22个必看小提示,https://travel.qunar.com/youji/7672840
周末，用美食奖赏自己—那些我爱的 上海 馆子,https://travel.qunar.com/youji/6591970
遇见迪士尼 —— 炎炎夏日里的三日狂欢,https://travel.qunar.com/youji/6906928
发现徐家汇，钟情小马路,https://travel.qunar.com/youji/7000995
魔都历史街区&名人故居1日游,https://travel.qunar.com/youji/7004876
定格最美的 上海,https://travel.qunar.com/youji/6352590
小小旅行家的“精灵大师梦”,https://travel.qunar.com/youji/7525750
共青国家森林公园：用美景纪念青春,https://travel.qunar.com/youji/7024409
情深深雨蒙蒙--漫步外滩,https://travel.qunar.com/youji/6973257
上海 四晚五日亲子游,https://travel.qunar.com/youji/6815261
上海 迪士尼2日游图文攻略不买尊享卡狂刷12主项+3大节目+22个必看小提示,https://travel.qunar.com/youji/7672840
周末，用美食奖赏自己—那些我爱的 上海 馆子,https://travel.qunar.com/youji/6591970
遇见迪士尼 —— 炎炎夏日里的三日狂欢,https://travel.qunar.com/youji/6906928
发现徐家汇，钟情小马路,https://travel.qunar.com/youji/7000995
魔都历史街区&名人故居1日游,https://travel.qunar.com/youji/7004876
定格最美的 上海,https://travel.qunar.com/youji/6352590
小小旅行家的“精灵大师梦”,https://travel.qunar.com/youji/7525750
共青国家森林公园：用美景纪念青春,https://travel.qunar.com/youji/7024409
情深深雨蒙蒙--漫步外滩,https://travel.qunar.com/youji/6973257
上海 四晚五日亲子游,https://travel.qunar.com/youji/6815261
上海 迪士尼2日游图文攻略不买尊享卡狂刷12主项+3大节目+22个必看小提示,https://travel.qunar.com/youji/7672840
周末，用美食奖赏自己—那些我爱的 上海 馆子,https://travel.qunar.com/youji/6591970
遇见迪士尼 —— 炎炎夏日里的三日狂欢,https://travel.qunar.com/youji/6906928
发现徐家汇，钟情小马路,https://travel.qunar.com/youji/7000995
魔都历史街区&名人故居1日游,https://travel.qunar.com/youji/7004876
定格最美的 上海,https://travel.qunar.com/youji/6352590
小小旅行家的“精灵大师梦”,https://travel.qunar.com/youji/7525750
共青国家森林公园：用美景纪念青春,https://travel.qunar.com/youji/7024409
情深深雨蒙蒙--漫步外滩,https://travel.qunar.com/youji/6973257
上海 四晚五日亲子游,https://travel.qunar.com/youji/6815261
上海 迪士尼2日游图文攻略不买尊享卡狂刷12主项+3大节目+22个必看小提示,https://travel.qunar.com/youji/7672840
周末，用美食奖赏自己—那些我爱的 上海 馆子,https://travel.qunar.com/youji/6591970
遇见迪士尼 —— 炎炎夏日里的三日狂欢,https://travel.qunar.com/youji/6906928
发现徐家汇，钟情小马路,https://travel.qunar.com/youji/7000995
魔都历史街区&名人故居1日游,https://travel.qunar.com/youji/7004876
定格最美的 上海,https://travel.qunar.com/youji/6352590
小小旅行家的“精灵大师梦”,https://travel.qunar.com/youji/7525750
共青国家森林公园：用美景纪念青春,https://travel.qunar.com/youji/7024409
情深深雨蒙蒙--漫步外滩,https://travel.qunar.com/youji/6973257
上海 四晚五日亲子游,https://travel.qunar.com/youji/6815261
上海 迪士尼2日游图文攻略不买尊享卡狂刷12主项+3大节目+22个必看小提示,https://travel.qunar.com/youji/7672840
周末，用美食奖赏自己—那些我爱的 上海 馆子,https://travel.qunar.com/youji/6591970
遇见迪士尼 —— 炎炎夏日里的三日狂欢,https://travel.qunar.com/youji/6906928
发现徐家汇，钟情小马路,https://travel.qunar.com/youji/7000995
魔都历史街区&名人故居1日游,https://travel.qunar.com/youji/7004876
定格最美的 上海,https://travel.qunar.com/youji/6352590
小小旅行家的“精灵大师梦”,https://travel.qunar.com/youji/7525750
共青国家森林公园：用美景纪念青春,https://travel.qunar.com/youji/7024409
情深深雨蒙蒙--漫步外滩,https://travel.qunar.com/youji/6973257
上海 四晚五日亲子游,https://travel.qunar.com/youji/6815261
上海 迪士尼2日游图文攻略不买尊享卡狂刷12主项+3大节目+22个必看小提示,https://travel.qunar.com/youji/7672840
周末，用美食奖赏自己—那些我爱的 上海 馆子,https://travel.qunar.com/youji/6591970
遇见迪士尼 —— 炎炎夏日里的三日狂欢,https://travel.qunar.com/youji/6906928
发现徐家汇，钟情小马路,https://travel.qunar.com/youji/7000995
魔都历史街区&名人故居1日游,https://travel.qunar.com/youji/7004876
定格最美的 上海,https://travel.qunar.com/youji/6352590
小小旅行家的“精灵大师梦”,https://travel.qunar.com/youji/7525750
共青国家森林公园：用美景纪念青春,https://travel.qunar.com/youji/7024409
情深深雨蒙蒙--漫步外滩,https://travel.qunar.com/youji/6973257
上海 四晚五日亲子游,https://travel.qunar.com/youji/6815261
上海 迪士尼2日游图文攻略不买尊享卡狂刷12主项+3大节目+22个必看小提示,https://travel.qunar.com/youji/7672840
周末，用美食奖赏自己—那些我爱的 上海 馆子,https://travel.qunar.com/youji/6591970
遇见迪士尼 —— 炎炎夏日里的三日狂欢,https://travel.qunar.com/youji/6906928
发现徐家汇，钟情小马路,https://travel.qunar.com/youji/7000995
魔都历史街区&名人故居1日游,https://travel.qunar.com/youji/7004876
定格最美的 上海,https://travel.qunar.com/youji/6352590
小小旅行家的“精灵大师梦”,https://travel.qunar.com/youji/7525750
共青国家森林公园：用美景纪念青春,https://travel.qunar.com/youji/7024409
情深深雨蒙蒙--漫步外滩,https://travel.qunar.com/youji/6973257
上海 四晚五日亲子游,https://travel.qunar.com/youji/6815261
上海 迪士尼2日游图文攻略不买尊享卡狂刷12主项+3大节目+22个必看小提示,https://travel.qunar.com/youji/7672840
周末，用美食奖赏自己—那些我爱的 上海 馆子,https://travel.qunar.com/youji/6591970
遇见迪士尼 —— 炎炎夏日里的三日狂欢,https://travel.qunar.com/youji/6906928
发现徐家汇，钟情小马路,https://travel.qunar.com/youji/7000995
魔都历史街区&名人故居1日游,https://travel.qunar.com/youji/7004876
定格最美的 上海,https://travel.qunar.com/youji/6352590
小小旅行家的“精灵大师梦”,https://travel.qunar.com/youji/7525750
共青国家森林公园：用美景纪念青春,https://travel.qunar.com/youji/7024409
情深深雨蒙蒙--漫步外滩,https://travel.qunar.com/youji/6973257
走走 上海 的小马路，看看旧时的名人故居,https://travel.qunar.com/youji/6997684
城市让生活更美好,https://travel.qunar.com/youji/6536869
上海 ！一场说走就走的旅行！附带一天迪斯尼,https://travel.qunar.com/youji/6771825
上海 赏花,https://travel.qunar.com/youji/5571780
沪上觅食记——春风十里，不如（食）你,https://travel.qunar.com/youji/6788488
陪你走在童话世界里,https://travel.qunar.com/youji/6600802
上海 圣诞三天小漫游,https://travel.qunar.com/youji/6194327
4日游,https://travel.qunar.com/youji/7734525
520遇见魔都，给30岁的自己一片更广阔的天地,https://travel.qunar.com/youji/7679394
【 上海 】松江︱魔都之根 ，云间风情，带来怎样的惊喜,https://travel.qunar.com/youji/7784997
三月魔都行,https://travel.qunar.com/youji/7004556
我与夜 上海 有场约会,https://travel.qunar.com/youji/5722649
都市繁华&弄堂喧嚣&校园宁静&展览精彩—— 上海 暴走五日游,https://travel.qunar.com/youji/7100241
带着女儿和老公苏杭、 上海 8日游,https://travel.qunar.com/youji/5398375
亲子经济型 上海 &迪士尼四日游~,https://travel.qunar.com/youji/6619656
2014年 上海 两次游,https://travel.qunar.com/youji/5426010
5天4晚“小石头”疫情后出游-- 上海 之旅全记录（迪士尼+自然博物馆+东方明珠）,https://travel.qunar.com/youji/7675706
总有一份孤独属于 上海,https://travel.qunar.com/youji/5891866
上海 迪斯尼，我们来了,https://travel.qunar.com/youji/6818157
OOH!神奇的一天----畅玩 上海 迪士尼乐园全记录,https://travel.qunar.com/youji/6847371
